id,title,category,source_name,author,collect_method,published_at,collected_at,url,content_length,summary,summary_length,summary_model,sentiment,sentiment_score,status,content
6,[연합뉴스 이 시각 헤드라인] - 10:30,경제,연합뉴스,성재은,crawl,2026-09-12 10:30:00,2026-09-12 12:14:23,https://www.yna.co.kr/view/AKR20260912021000011?section=economy/all,2876,미국 중앙정보국(CIA)이 9·11 테러 참사 25주년인 11일(현지시간) 테러를 저지른 알카에다와 그 수장이던 오사마 빈라덴과 관련한 정부 기밀자료를 대거 공개했다. 도널드 트럼프 미국 대통령은 11일(현지시간) '미국 성인 1인당 5천달러(약 671만원) 배당금 지급' 공약이 반드시 실현된다고 강조하며 중간선거에서 여당인 공화당에 투표할 것을 촉구했다.,200,mock-rule-based,긍정,0.33,summarized,"[연합뉴스 이 시각 헤드라인] - 10:30
■ 北, 한미일 프리덤에지 훈련 직후 단거리탄도미사일 수차례 발사
북한이 한미일 3국의 정례 군사훈련 '프리덤 에지' 종료 다음날인 12일 단거리탄도미사일을 수발 발사했다. 합참은 이날 ""오전 5시 20분경 북한 원산 일대에서 동해상으로 수차례 발사된 단거리 탄도미사일을 포착했다""며 ""포착된 북한 미사일은 약 250㎞를 비행했으며, 정확한 제원에 대해 한미가 정밀분석 중""이라고 밝혔다. 북한이 발사한 미사일들은 대표적인 단거리탄도미사일인 화성-11계열과 600㎜ 초대형 방사포일 가능성에 무게가 실린다. 서로 다른 미사일을 순차적으로 발사하며 성능을 시험한 것으로 추정된다.
■ 공교롭게도 또 9·11에 뉴욕으로 간 산업장관…러트닉 설득할까
김정관 산업통상부 장관이 대미 투자 프로젝트 최종 조율을 위해 지난 10일(현지시간) 사흘 일정으로 미국을 찾았다. 김 장관은 통상적인 협상 무대인 워싱턴DC 대신 뉴욕 인근 공항을 통해 입국했다. 김 장관이 워싱턴DC가 아닌 뉴욕을 찾은 것은 카운터파트인 하워드 러트닉 미국 상무장관의 일정과 관련이 있다는 해석이 나온다.
■ ""폭발물 실은 비행기 美로"" 경고에도…CIA, 9·11 기밀자료 공개
미국 중앙정보국(CIA)이 9·11 테러 참사 25주년인 11일(현지시간) 테러를 저지른 알카에다와 그 수장이던 오사마 빈라덴과 관련한 정부 기밀자료를 대거 공개했다. 존 랫클리프 CIA 국장은 이날 엑스(X·옛 트위터)에 ""9·11 테러로 희생된 분들과 그 후 테러와의 전쟁에서 목숨을 바친 CIA 요원들을 기리기 위해 71건의 대통령 일일 브리핑 자료 공개를 승인했다""고 밝혔다. 이 문서들은 미국 정보기관들이 대통령을 위해 작성한 극비 자료로, 대통령 일일 브리핑 보고서가 한 번에 이렇게 많이 공개된 것은 처음이라고 랫클리프 국장은 설명했다.
■ FOMC 코앞 확인된 끈적한 美물가…9월 금리인상 확률 86%까지 쑥
미국의 물가 상승 압력이 좀처럼 꺾이지 않으면서 미 연방준비제도(Fed·연준)가 기준금리를 인상할 것이라는 전망에 한층 힘이 실리고 있다. 11일(현지시간) 나온 미국의 8월 근원 소비자물가지수(CPI)가 예상을 웃도는 압력을 나타내면서, 시장은 연준이 내주 연방공개시장위원회(FOMC) 회의에서 기준금리를 인상할 가능성을 거의 확실시하는 분위기다. 이날 발표된 8월 CPI는 전월 대비 0.4%, 전년 동월 대비 3.4% 상승, 전문가 전망치에 부합했다.
■ 사우디 두 바닷길 이어 육로 송유관도 위협…이라크발 드론 지목
이란의 호르무즈 해협 봉쇄 이후 사우디아라비아가 원유 우회 수송로로 활용해온 송유관 '동서 파이프라인'이 공격받아 운영이 잠정 중단됐다고 로이터 통신이 11일(현지시간) 보도했다. 이 공격에 사용된 드론이 이라크에서 발사된 것으로 확인되면서 사우디는 두 바닷길에 이어 육상 수송까지 위협 받는 상황이 됐다. 사우디 에너지부 관계자는 리야드와 메디나 지역에서 송유관이 여러 차례 공격받았으며 일부 부상자가 발생했다고 전했다. 공격받은 시점은 지난 10일로, 사우디 정부는 이라크 영토에서 출격한 드론이 송유관을 공격했다고 밝혔다.
■ 트럼프 ""5천달러 배당금 실현될 것…공화당에 투표하라""
도널드 트럼프 미국 대통령은 11일(현지시간) '미국 성인 1인당 5천달러(약 671만원) 배당금 지급' 공약이 반드시 실현된다고 강조하며 중간선거에서 여당인 공화당에 투표할 것을 촉구했다. 트럼프 대통령은 이날 소셜미디어 트루스소셜에 ""우리나라가 수조 달러의 경제 발전, 투자, 그리고 순수한 성공을 거둔다는 사실 때문에 미국의 모든 성인에게 지급될 5천달러 트럼프 배당금은, 이 정책이 절대 실현되지 않길 바라는 '바보 민주당원'(Dumocrats·'Democrats'와 'Dumb'의 합성어)의 비판을 받고 있지만, 실현될 것""이라고 적었다.
■ 뉴욕증시, 유가하락·CPI 안도에 5일만에 반등…다우 1%↑
뉴욕증시가 11일(현지시간) 국제유가 하락과 예상치를 크게 벗어나지 않은 소비자물가지수(CPI) 발표에 5일 만에 반등했다. 이날 다우존스30 산업평균지수는 전날보다 509.19포인트(0.98%) 오른 52,573.29에 거래를 마쳤다. 스탠더드앤드푸어스(S&P) 500지수는 65.28포인트(0.86%) 상승한 7,656.98에, 기술주 중심의 나스닥 종합지수는 251.31포인트(0.96%) 오른 26,333.04에 각각 장을 마감했다.
■ [다음주 경제] 수출입·생산자물가 변화는…이형일 후보자 인사청문회
다음 주(14∼18일)에는 대외 경제의 변동성이 확대하는 가운데 향후 물가를 가늠할 수 있는 지표가 발표된다. 국회는 한국 경제의 새 사령탑에 오를 후보자의 능력과 자질을 검증한다. 한국은행은 8월 수출입물가지수와 무역지수를 15일 발표한다. 지난 7월 수입물가가 두 달 연속 하락한 가운데 원/달러 환율과 국제 유가 흐름이 이후 물가에 어떤 영향을 미쳤을지 주목된다.
■ 수억원대 혈액암 치료제 건강보험 급여 시험대
한 번 투약에 수억 원이 드는 초고가 면역세포 치료제를 암 환자에게 더 일찍 투여할 수 있도록 건강보험 적용을 확대할지를 두고 건강보험당국의 심사가 주목받고 있다. 의료계에서는 조기 투여로 치료 효과를 높일 수 있다며 급여 확대를 요구하는 반면, 당국은 대상 환자 증가에 따른 건강보험 재정 부담과 비용 효과성을 함께 따져봐야 하는 상황이다.
■ 전국 완연한 초가을 날씨…'낮엔 따뜻, 밤엔 쌀쌀' 일교차 15도
토요일인 12일 전국이 완연한 초가을 날씨를 보이는 가운데, 내륙을 중심으로 낮과 밤의 기온 차가 최대 15도까지 크게 벌어지겠으니 환절기 건강관리에 유의해야 한다. 기상청에 따르면 이날 낮 최고기온은 25∼30도로 예상된다. 주요 도시 예상 낮 최고기온은 서울·대전·세종·울산·제주 27도, 인천·강릉 26도, 수원 25도, 대구·부산 29도, 광주 30도다."
7,"한국기술교육대 ""수시 경쟁률 비수도권 국·사립대 중 1위""",경제,연합뉴스,유의주,crawl,2026-09-12 08:53:44,2026-09-12 12:14:24,https://www.yna.co.kr/view/AKR20260912017400063?section=economy/all,662,(천안=연합뉴스) 유의주 기자 = 고용노동부가 설립한 국책대학인 충남 천안 한국기술교육대(KOREATECH)는 2027학년도 수시모집 경쟁률에서 비수도권(서울·경기·인천 이외) 국립 및 사립대 중 1위를 기록했다고 12일 밝혔다. 충남형 계약학과(조기취업형)인 반도체·디스플레이공학과는 60명 모집에 315명이 지원해 5.25대 1의 높은 경쟁률을 보였다.,199,mock-rule-based,긍정,1.0,summarized,"(천안=연합뉴스) 유의주 기자 = 고용노동부가 설립한 국책대학인 충남 천안 한국기술교육대(KOREATECH)는 2027학년도 수시모집 경쟁률에서 비수도권(서울·경기·인천 이외) 국립 및 사립대 중 1위를 기록했다고 12일 밝혔다.
이 대학은 전날 마감한 2027학년도 수시모집 원서접수 결과 796명 모집에 총 1만504명이 지원해 13.20대 1의 경쟁률을 보였다.
한국기술교육대는 교육부 고등교육기관 졸업자 취업통계 조사에서 취업률 82.8%로 전국 4년제 대학 1위를 달성했으며, 취업의 질적 수준을 나타내는 유지취업률 역시 전국 최고 수준을 유지하고 있다.
학생부 교과 일반전형은 192명 모집에 1천779명이 지원해 9.27대 1의 경쟁률을 기록했다.
자율전공별로는 공학융합자율전공이 35.75대 1, ICT융합자율전공 27.43대 1, 사회융합자율전공 18.13대 1, 자율전공(미래융학학부) 9.15대 1을 기록했다.
충남형 계약학과(조기취업형)인 반도체·디스플레이공학과는 60명 모집에 315명이 지원해 5.25대 1의 높은 경쟁률을 보였다.
유길상 총장은 ""대학을 믿고 선택해 준 인재들이 미래 첨단산업과 인공지능(AI) 시대를 주도하는 '1등급 실무형 융합 인재'로 성장할 수 있도록 전폭적인 투자와 맞춤형 지원을 아끼지 않겠다""고 밝혔다.
yej@yna.co.kr"
8,[다음주 경제] 수출입·생산자물가 변화는…이형일 후보자 인사청문회,경제,연합뉴스,이세원,crawl,2026-09-12 08:30:42,2026-09-12 12:14:24,https://www.yna.co.kr/view/AKR20260912016600002?section=economy/all,1261,,,,중립,0.11,clean,"(서울·세종=연합뉴스) 이세원 한지훈 배영경 기자 = 다음 주(14∼18일)에는 대외 경제의 변동성이 확대하는 가운데 향후 물가를 가늠할 수 있는 지표가 발표된다. 국회는 한국 경제의 새 사령탑에 오를 후보자의 능력과 자질을 검증한다.
한국은행은 8월 수출입물가지수와 무역지수를 15일 발표한다.
지난 7월 수입물가가 두 달 연속 하락한 가운데 원/달러 환율과 국제 유가 흐름이 이후 물가에 어떤 영향을 미쳤을지 주목된다.
환율은 지난 7월 평균 1,488.9원에서 8월 1,404.3원으로 하락했지만, 8월 중 유가는 배럴당 90달러 안팎(브렌트유 기준)으로 높은 수준을 유지했다.
17일에는 8월 생산자물가지수도 발표한다.
전월에는 폭염에 농산물 가격이 올랐으나, 유가 하락의 영향이 더 크게 작용하면서 지수가 11개월 만에 하락 전환했다.
한은은 또 지난달 27일 금융통화위원회 의사록을 15일 공개한다.
기준금리를 7·8월 연속 인상한 데 대한 금통위원 개인별 의견이 구체적으로 드러난다. 당시 황건일 위원이 동결 소수의견을 냈고, 나머지 6명은 인상을 지지했다.
이형일 경제부총리 겸 재정경제부 장관 후보자는 15일 국회 재정경제기획위원회가 여는 인사청문회에 출석한다.
현재 재경부 1차관이기도 한 이 후보자는 청문회에서 한국 경제 상황의 상황을 진단하고 주요 정책 방향을 설명할 것으로 예상된다.
그는 앞서 부총리 후보자로 지명된 것에 ""무한한 책임감을 느낀다""며 ""잠재성장률 반등의 기반을 마련하기 위해 힘쓰겠다""고 각오를 밝혔다.
금융당국은 지난달 발표한 부동산 금융종합대책 이행 상황을 점검한다.
권대영 금융위원회 부위원장은 17일 서울 마포구의 한 아파트 사업장을 방문해 캠코펀드 지원상황을 점검하는 현장 간담회를 한다.
앞서 당국은 8·13 부동산 금융대책으로 '3조원+α'(알파) 규모의 캠코 프로젝트파이낸싱(PF) 정상화 지원펀드를 조성해 사업성이 떨어지거나 향후 사업이 곤란해질 가능성이 있는 부실 사업장 등의 신속한 정상화를 촉진하기로 했다.
금융감독원은 15일 한국토지주택공사(LH)·코람코자산신탁·신한은행·캠코·주택도시보증공사(HUG) 등 주택공급 금융 지원 프로그램을 다루는 5개 기관이 세부 내용을 안내하고 개별상담을 하는 설명회를 한다.
청년미래적금 2차 가입신청 세부 사항은 16일 안내된다.
청년미래적금은 만 19∼34세 청년이 매월 1천원부터 최대 50만원 한도로 자유롭게 납입할 수 있는 3년 만기 자유적립식 상품이다. 6∼7월 1차 모집 때는 138만5천명이 최종 가입했다.
sewonlee@yna.co.kr"
1,"""미래기금 국채상환 기준 도입해야…현·미래세대 계정은 따로""(종합)",경제,연합뉴스,안채원,rss,2026-09-11 19:07:42,2026-09-11 20:11:04,https://www.yna.co.kr/view/AKR20260911133451002,1802,"한편 김학수 KDI 선임연구위원은 장기 적립을 목적으로한 미래아일랜드기금과 재정 여건 악화시 활용할 수 있는 '인프라·기후·자연기금'을 별도로 운영하고 있는 아일랜드 사례를 언급하며 ""(기금 재원을 적립하는) 총괄계정을 '현 세대 계정'과 '미래세대 계정'으로 구분해 미래세대에게 재정 유산을 상속하자""고 제안했다. chaewon@yna.co.kr",194,mock-rule-based,긍정,1.0,summarized,"(서울=연합뉴스) 안채원 기자 = 반도체 세수 호황을 기반으로 조성하는 미래대응기금의 명확한 운용 원칙을 마련해야 한다는 전문가들의 제언이 나왔다.
단기적인 사업보다 장기적인 투자와 재정안정화 기능에 집중하고 계획하지 않은 지출 확대를 경계해야 한다는 목소리도 있었다.
한국개발연구원(KDI)과 경제·인문사회연구회(경인사연)는 11일 서울 양재 엘타워에서 '2027년 예산안 및 미래대응기금 토론회'를 했다.
토론회에는 전문가들과 함께 이한주 경인사연 이사장, 김세직 KDI 원장, 조용범 기획예산처 차관 등이 참석했다.
전문가들은 세수가 일시적으로 대규모로 증가하는 상황에서 미래대응기금과 같은 적립식 기금 조성이 필요하다는 점에 공감했다.
우석진 명지대 교수는 ""추가 세수를 쓸 수 있는 방법의 하나로 추가경정예산(추경) 이야기를 많이 하는데, 총수요가 늘 수 있다는 점에서 지금과 같은 금리 상승기에는 적절하지 않다""며 ""정부 저축을 통해 세수 변동성도 완화하고 전략적 투자 재원을 동시에 확보하는 것이 좋다""고 밝혔다.
대신 ""현재 축적(적립)액 100조원의 11% 정도인 12조원을 국채 상환에 사용하는데, 기금 축적과 국채 상환 비율을 통화정책의 '테일러 규칙'과 유사하게 수립하자""고 제안했다.
이정혁 홍익대 교수 역시 ""미래대응기금은 재정 본연의 안정화 기능 관점에서 기존 재정구조가 미흡했던 부분을 보완하고 안정성과 유연성을 모두 확보하려는 시도""라고 평가했다.
다만 이들은 기금의 성격과 운용 원칙을 더 명확히 할 필요가 있다고 했다.
이 교수는 ""언론에서 비유하듯 '댐' 또는 '저수지'를 만들고 미래대응 투자에 안정적으로 지출하는 구조인데, 일반회계와의 역할 분담도 주목된다""고 짚었다.
우 교수도 ""현재 미래성장동력, 청년, 지방 교육, 등에 지출할 수 있게 돼 있지만 일반회계 등 예산 사업으로 진행돼오던 사업 상당수가 기금 사업에 편입됐다""며 향후 재원이 늘어나면서 지출 범위가 확장할 가능성을 경계했다.
이상민 나라살림연구소 수석연구위원은 ""미래대응기금의 직접 사업은 단기간 대규모 투자가 필요하고 일정 기간 이후 종료되는 자본적·인프라 중심으로 제한해야 하고, 기존 상시사업은 일반회계와 재정시스템을 활용하는 것이 바람직하다""고 강조했다.
국회에 기금운용계획 변경안을 내지 않고 변경할 수 있는 사업지출액의 범위를 30%로 설정한 것이 적절한지에 의문도 제기됐다.
박정흠 한국조세재정연구원 재정제도분석팀장은 ""잠재정상률 제고를 위한 투자는 과실이 나타나기까지 상당히 오랜 기간이 걸릴 수 있다""며 ""과연 미래 대응을 위한 투자가 이렇게 유연성이 강조돼야 하는 부분인가에 대해서는 명확히 규명되지 않았다""고 지적했다.
이 교수는 ""기금운용계획 변경을 통한 유연성 확보는 국회 통제에 기반한 책임성 약화 논란을 지속시킬 수 있다""며 ""통상적인 기금 변경 요건을 보다 엄격하게 적용하는 것도 검토해야 한다""고 말했다.
기금 재원과 직결되는 세입추계의 신뢰성 확보를 주문하는 목소리도 있었다.
이 위원은 초과세수가 기금 재원 중 일부로 활용되는 것과 관련해 ""재정 당국이 미래대응기금 규모를 확대하고자 본예산 세수를 보수적으로 추계할 유인이 발생할 수 있는 만큼, 세입추계의 정확성에 잘못된 인센티브를 부여하지 않는 제도 설계가 필요하다""고 했다.
한편 김학수 KDI 선임연구위원은 장기 적립을 목적으로한 미래아일랜드기금과 재정 여건 악화시 활용할 수 있는 '인프라·기후·자연기금'을 별도로 운영하고 있는 아일랜드 사례를 언급하며 ""(기금 재원을 적립하는) 총괄계정을 '현 세대 계정'과 '미래세대 계정'으로 구분해 미래세대에게 재정 유산을 상속하자""고 제안했다.
chaewon@yna.co.kr"
2,"KS인더스트리, 60억원 유상증자…상생제1호조합에 제3자배정",경제,연합뉴스,증권부,rss,2026-09-11 18:32:05,2026-09-11 20:11:05,https://www.yna.co.kr/view/AKR20260911151700008,194,(서울=연합뉴스) 코스닥 상장사 KS인더스트리[101000]는 운영자금 등 약 60억원을 조달하고자 제3자배정 유상증자를 결정했다고 11일 공시했다. 주당 1천228원에 신주 488만5천993주(보통주)가 발행된다. 제3자배정 대상자는 상생제1호조합(488만5천993주)이다. ※ 이 기사는 연합인포맥스가 제공한 공시 데이터를 토대로 작성됐습니다.,194,mock-rule-based,긍정,1.0,summarized,"(서울=연합뉴스) 코스닥 상장사 KS인더스트리[101000]는 운영자금 등 약 60억원을 조달하고자 제3자배정 유상증자를 결정했다고 11일 공시했다.
주당 1천228원에 신주 488만5천993주(보통주)가 발행된다. 제3자배정 대상자는 상생제1호조합(488만5천993주)이다.
※ 이 기사는 연합인포맥스가 제공한 공시 데이터를 토대로 작성됐습니다."
4,"라포랩스 ""SK스토아 최다액출자자 변경승인 재신청""",경제,연합뉴스,조민정,rss,2026-09-11 18:28:12,2026-09-11 20:11:06,https://www.yna.co.kr/view/AKR20260911150700030,762,"(서울=연합뉴스) 조민정 기자 = 라포랩스는 11일 방송미디어통신위원회에 SK스토아 최다액출자자 변경승인을 재신청했다고 밝혔다. 라포랩스는 이날 입장문을 통해 ""재신청에 앞서 라포랩스는 기존 신청 과정에서 제기된 의견을 반영하여 SK텔레콤과 거래구조를 조정하고, 주식매매계약(SPA)을 새롭게 체결했다""고 밝혔다. chomj@yna.co.kr",191,mock-rule-based,부정,-1.0,summarized,"(서울=연합뉴스) 조민정 기자 = 라포랩스는 11일 방송미디어통신위원회에 SK스토아 최다액출자자 변경승인을 재신청했다고 밝혔다.
4050 라이프 플랫폼 '퀸잇'을 운영하는 라포랩스는 지난해 12월 데이터홈쇼핑 업체인 SK스토아를 인수하고, 올해 1월 방미통위에 최다액출자자 변경 승인 신청을 했으나 지난 7월 신청을 취하한 바 있다.
비교적 규모가 작은 스타트업이 대기업 계열 홈쇼핑사를 인수하는 이례적인 사례로, 당시 세 차례 보완 절차를 거쳐 진행된 전문가 심사위원회 심사에서는 자금조달 능력과 최다액출자자로서의 방송사업 지원 계획이 기준에 미달한다는 의견이 제시됐다.
방미통위는 이를 토대로 심의를 준비했으나 라포랩스가 승인 신청을 자진 취하하면서 심사절차가 종료돼 회피 논란이 일기도 했다.
라포랩스는 이날 입장문을 통해 ""재신청에 앞서 라포랩스는 기존 신청 과정에서 제기된 의견을 반영하여 SK텔레콤과 거래구조를 조정하고, 주식매매계약(SPA)을 새롭게 체결했다""고 밝혔다.
기존에는 지분 전부를 라포랩스가 가지는 형태였다면, 이번에는 SK텔레콤의 지분을 일부 남겨 경영 안정성을 확보한다는 설명이다.
회사는 ""인수자금은 전액 자기자본으로 조달하며 인수금융이나 외부 차입은 활용하지 않을 계획""이라고 밝혔다.
회사는 입장문에서 ""인수 이후에도 SK스토아의 안정적인 사업 운영과 구성원의 고용 안정을 중요한 원칙으로 두고 책임 있게 경영해 나갈 계획""이라며 ""라포랩스는 향후 변경승인 심사 절차에 성실히 임하겠다""고 설명했다.
chomj@yna.co.kr"
